{
	"credit": "Made with Blockbench",
	"texture_size": [32, 32],
	"textures": {
		"0": "guns/smgtest",
		"particle": "guns/smgtest"
	},
	"elements": [
		{
			"from": [7, 7, 9],
			"to": [9, 9, 12],
			"rotation": {"angle": 0, "axis": "y", "origin": [7, 7, 14]},
			"faces": {
				"east": {"uv": [5, 3, 6.5, 4], "texture": "#0"},
				"south": {"uv": [6, 6, 7, 7], "texture": "#0"},
				"west": {"uv": [5, 4, 6.5, 5], "texture": "#0"},
				"up": {"uv": [6, 6.5, 5, 5], "texture": "#0"},
				"down": {"uv": [7, 0, 6, 1.5], "texture": "#0"}
			}
		},
		{
			"from": [7, 9.25, 7],
			"to": [9, 9.5, 9],
			"rotation": {"angle": 0, "axis": "y", "origin": [7, 7.5, 12]},
			"faces": {
				"north": {"uv": [7.5, 7.5, 8.5, 7.75], "texture": "#0"},
				"east": {"uv": [0, 8, 1, 8.25], "texture": "#0"},
				"south": {"uv": [8, 0, 9, 0.25], "texture": "#0"},
				"west": {"uv": [8, 0.5, 9, 0.75], "texture": "#0"},
				"up": {"uv": [5, 7, 4, 6], "texture": "#0"}
			}
		},
		{
			"from": [6.75, 4, 7],
			"to": [9.25, 9.25, 9],
			"rotation": {"angle": 0, "axis": "y", "origin": [7, 5, 14]},
			"faces": {
				"north": {"uv": [0, 0, 1.25, 2.75], "texture": "#0"},
				"east": {"uv": [3, 1, 4, 3.75], "texture": "#0"},
				"south": {"uv": [1.5, 0, 2.75, 2.75], "texture": "#0"},
				"west": {"uv": [0, 4, 1, 6.75], "texture": "#0"},
				"up": {"uv": [7.25, 2.5, 6, 1.5], "texture": "#0"},
				"down": {"uv": [7.25, 5, 6, 6], "texture": "#0"}
			}
		},
		{
			"from": [7.25, 7, 1],
			"to": [8.75, 9, 7],
			"rotation": {"angle": 0, "axis": "y", "origin": [7, 7, 9]},
			"faces": {
				"north": {"uv": [0, 7, 0.75, 8], "texture": "#0"},
				"east": {"uv": [0, 3, 3, 4], "texture": "#0"},
				"west": {"uv": [3, 0, 6, 1], "texture": "#0"},
				"up": {"uv": [1.75, 7, 1, 4], "texture": "#0"},
				"down": {"uv": [4.75, 1, 4, 4], "texture": "#0"}
			}
		},
		{
			"from": [7.5, 7, 0],
			"to": [8.5, 9, 1],
			"rotation": {"angle": 0, "axis": "y", "origin": [7, 7, 8]},
			"faces": {
				"north": {"uv": [4, 7, 4.5, 8], "texture": "#0"},
				"east": {"uv": [4.5, 7, 5, 8], "texture": "#0"},
				"west": {"uv": [6, 7, 6.5, 8], "texture": "#0"},
				"up": {"uv": [6.5, 3, 6, 2.5], "texture": "#0"},
				"down": {"uv": [8.5, 1, 8, 1.5], "texture": "#0"}
			}
		},
		{
			"from": [7.25, 7.5, 12],
			"to": [7.5, 8, 15],
			"rotation": {"angle": 0, "axis": "y", "origin": [7.25, 6, 17]},
			"faces": {
				"east": {"uv": [6.5, 7, 8, 7.25], "texture": "#0"},
				"west": {"uv": [7, 6.5, 8.5, 6.75], "texture": "#0"},
				"up": {"uv": [7.75, 1.5, 7.5, 0], "texture": "#0"},
				"down": {"uv": [7.75, 4.5, 7.5, 6], "texture": "#0"}
			}
		},
		{
			"from": [7, 4, 15],
			"to": [9, 8, 16],
			"rotation": {"angle": 0, "axis": "y", "origin": [7, 6, 18]},
			"faces": {
				"north": {"uv": [2, 4, 3, 6], "texture": "#0"},
				"east": {"uv": [6.5, 2.5, 7, 4.5], "texture": "#0"},
				"south": {"uv": [3, 4, 4, 6], "texture": "#0"},
				"west": {"uv": [5, 6.5, 5.5, 8.5], "texture": "#0"},
				"up": {"uv": [7.5, 5, 6.5, 4.5], "texture": "#0"},
				"down": {"uv": [8, 6, 7, 6.5], "texture": "#0"}
			}
		},
		{
			"from": [7.5, 4, 2],
			"to": [8.5, 7, 3],
			"rotation": {"angle": 0, "axis": "y", "origin": [7, 5, 5]},
			"faces": {
				"north": {"uv": [5.5, 6.5, 6, 8], "texture": "#0"},
				"east": {"uv": [7, 0, 7.5, 1.5], "texture": "#0"},
				"south": {"uv": [1, 7, 1.5, 8.5], "texture": "#0"},
				"west": {"uv": [1.5, 7, 2, 8.5], "texture": "#0"},
				"down": {"uv": [2.5, 8, 2, 8.5], "texture": "#0"}
			}
		},
		{
			"from": [7, 0, 7.25],
			"to": [9, 4, 8.75],
			"rotation": {"angle": 0, "axis": "y", "origin": [7, 4, 14]},
			"faces": {
				"north": {"uv": [4, 4, 5, 6], "texture": "#0"},
				"east": {"uv": [2, 6, 2.75, 8], "texture": "#0"},
				"south": {"uv": [5, 1, 6, 3], "texture": "#0"},
				"west": {"uv": [3, 6, 3.75, 8], "texture": "#0"},
				"up": {"uv": [8, 3.25, 7, 2.5], "texture": "#0"},
				"down": {"uv": [8, 3.5, 7, 4.25], "texture": "#0"}
			}
		},
		{
			"from": [6, 8.25, 1.25],
			"to": [7.25, 8.75, 1.75],
			"rotation": {"angle": 0, "axis": "y", "origin": [5.25, 0.75, 0]},
			"faces": {
				"north": {"uv": [2.5, 8, 3.25, 8.25], "texture": "#0"},
				"south": {"uv": [8, 2.5, 8.75, 2.75], "texture": "#0"},
				"west": {"uv": [8, 3.5, 8.25, 3.75], "texture": "#0"},
				"up": {"uv": [8.75, 3.25, 8, 3], "texture": "#0"},
				"down": {"uv": [4.25, 8, 3.5, 8.25], "texture": "#0"}
			}
		},
		{
			"from": [8.5, 7.5, 12],
			"to": [8.75, 8, 15],
			"rotation": {"angle": 0, "axis": "y", "origin": [8.75, 6, 17]},
			"faces": {
				"east": {"uv": [7.5, 1.5, 9, 1.75], "texture": "#0"},
				"west": {"uv": [7.5, 2, 9, 2.25], "texture": "#0"},
				"up": {"uv": [6.75, 9, 6.5, 7.5], "texture": "#0"},
				"down": {"uv": [7.25, 7.5, 7, 9], "texture": "#0"}
			}
		}
	],
	"groups": [
		{
			"name": "body",
			"origin": [7, 4, 14],
			"color": 0,
			"children": [0, 1, 2, 3, 4, 5, 6, 7]
		},
		{
			"name": "magazine",
			"origin": [7, 4, 14],
			"color": 0,
			"children": [8]
		},
		{
			"name": "lever",
			"origin": [8, 8, 8],
			"color": 0,
			"children": [9]
		},
		{
			"name": "body",
			"origin": [9, 4, 14],
			"color": 0,
			"children": [10]
		}
	]
}