{
	"credit": "Made with Blockbench",
	"textures": {
		"0": "guns/rifle",
		"particle": "guns/rifle"
	},
	"elements": [
		{
			"from": [7.75, 1.75, 11],
			"to": [8.25, 4, 12.25],
			"rotation": {"angle": 0, "axis": "y", "origin": [8, 3, 8]},
			"faces": {
				"north": {"uv": [13, 0, 14, 2], "texture": "#0"},
				"east": {"uv": [13, 2, 14, 4], "texture": "#0"},
				"south": {"uv": [13, 4, 14, 6], "texture": "#0"},
				"west": {"uv": [13, 6, 14, 8], "texture": "#0"},
				"down": {"uv": [12, 13, 11, 14], "texture": "#0"}
			}
		},
		{
			"from": [7.5, 2.85372, 7.32611],
			"to": [8.5, 3.35372, 9.82611],
			"rotation": {"angle": 0, "axis": "y", "origin": [8, 3, 8]},
			"faces": {
				"north": {"uv": [13, 11, 14, 12], "texture": "#0"},
				"east": {"uv": [10, 8, 13, 9], "texture": "#0"},
				"south": {"uv": [12, 13, 13, 14], "texture": "#0"},
				"west": {"uv": [10, 9, 13, 10], "texture": "#0"},
				"down": {"uv": [11, 10, 10, 13], "texture": "#0"}
			}
		},
		{
			"from": [7.75, 4.5, 0],
			"to": [8.25, 5, 13],
			"rotation": {"angle": 0, "axis": "y", "origin": [8, 3, 8]},
			"faces": {
				"north": {"uv": [13, 12, 14, 13], "texture": "#0"},
				"east": {"uv": [0, 0, 13, 1], "texture": "#0"},
				"south": {"uv": [13, 13, 14, 14], "texture": "#0"},
				"west": {"uv": [0, 1, 13, 2], "texture": "#0"},
				"up": {"uv": [1, 15, 0, 2], "texture": "#0"},
				"down": {"uv": [2, 2, 1, 15], "texture": "#0"}
			}
		},
		{
			"from": [7.5, 3.5, 10.75],
			"to": [8.5, 4.5, 15.75],
			"rotation": {"angle": 0, "axis": "y", "origin": [8, 3, 8]},
			"faces": {
				"east": {"uv": [8, 6, 13, 7], "texture": "#0"},
				"south": {"uv": [14, 0, 15, 1], "texture": "#0"},
				"west": {"uv": [8, 7, 13, 8], "texture": "#0"},
				"up": {"uv": [9, 13, 8, 8], "texture": "#0"},
				"down": {"uv": [10, 8, 9, 13], "texture": "#0"}
			}
		},
		{
			"from": [7.25, 3.25, 5.75],
			"to": [8.75, 4.75, 10.75],
			"rotation": {"angle": 0, "axis": "y", "origin": [8, 3, 8]},
			"faces": {
				"north": {"uv": [9, 2, 11, 4], "texture": "#0"},
				"east": {"uv": [2, 2, 7, 4], "texture": "#0"},
				"south": {"uv": [9, 4, 11, 6], "texture": "#0"},
				"west": {"uv": [2, 4, 7, 6], "texture": "#0"},
				"up": {"uv": [4, 11, 2, 6], "texture": "#0"},
				"down": {"uv": [6, 6, 4, 11], "texture": "#0"}
			}
		},
		{
			"from": [7.75, 1.75, 15.75],
			"to": [8.25, 4.5, 16],
			"rotation": {"angle": 0, "axis": "y", "origin": [8, 3, 8]},
			"faces": {
				"north": {"uv": [2, 11, 3, 14], "texture": "#0"},
				"east": {"uv": [11, 2, 12, 5], "texture": "#0"},
				"south": {"uv": [3, 11, 4, 14], "texture": "#0"},
				"west": {"uv": [4, 11, 5, 14], "texture": "#0"},
				"up": {"uv": [15, 2, 14, 1], "texture": "#0"},
				"down": {"uv": [3, 14, 2, 15], "texture": "#0"}
			}
		},
		{
			"from": [7.75, 1.73959, 15.27817],
			"to": [8.25, 4.48959, 15.52817],
			"rotation": {"angle": -45, "axis": "x", "origin": [8, 2.25, 15.5]},
			"faces": {
				"north": {"uv": [5, 11, 6, 14], "texture": "#0"},
				"east": {"uv": [11, 10, 12, 13], "texture": "#0"},
				"south": {"uv": [12, 2, 13, 5], "texture": "#0"},
				"west": {"uv": [12, 10, 13, 13], "texture": "#0"},
				"down": {"uv": [15, 2, 14, 3], "texture": "#0"}
			}
		},
		{
			"from": [7.75, -1.89628, 7.82611],
			"to": [8.25, 2.10372, 9.82611],
			"rotation": {"angle": 0, "axis": "y", "origin": [8, 0.5, 8.25]},
			"faces": {
				"north": {"uv": [6, 10, 7, 14], "texture": "#0"},
				"east": {"uv": [6, 6, 8, 10], "texture": "#0"},
				"south": {"uv": [7, 10, 8, 14], "texture": "#0"},
				"west": {"uv": [7, 2, 9, 6], "texture": "#0"},
				"up": {"uv": [9, 15, 8, 13], "texture": "#0"},
				"down": {"uv": [14, 8, 13, 10], "texture": "#0"}
			}
		},
		{
			"from": [6.5, 4.25, 6],
			"to": [7.25, 4.5, 6.25],
			"rotation": {"angle": 0, "axis": "y", "origin": [8, 3, 8]},
			"faces": {
				"north": {"uv": [11, 5, 12, 6], "texture": "#0"},
				"south": {"uv": [12, 5, 13, 6], "texture": "#0"},
				"west": {"uv": [9, 13, 10, 14], "texture": "#0"},
				"up": {"uv": [11, 14, 10, 13], "texture": "#0"},
				"down": {"uv": [14, 10, 13, 11], "texture": "#0"}
			}
		}
	],
	"groups": [
		{
			"name": "body",
			"origin": [7, 2, 0],
			"color": 0,
			"children": [0, 1, 2, 3, 4, 5, 6]
		},
		{
			"name": "magazine",
			"origin": [7, 0.5, 3],
			"color": 0,
			"children": [7]
		},
		{
			"name": "lever",
			"origin": [7, 2.75, 9.75],
			"color": 0,
			"children": [8]
		}
	]
}