{
    "item": "ArmedBW Rifle",
    "model_ver": "1",
    "parent": "animation/guns/rifle/rifle3",
    "display": {
        "thirdperson": {
            "rotation": [45, 0, 180],
            "translation": [0.25, -0.5, -5],
            "scale": [1.5, 1.5, 1.5]
        },
        "firstperson": {
            "rotation": [30, -45, -15],
            "translation": [2, 11, 0],
            "scale": [4, 4, 4]
        },
        "ground": {
            "rotation": [0, 0, 0],
            "translation": [0, 0.75, 0],
            "scale": [4, 4, 4]
        },
        "gui": {
            "rotation": [45, -135, 0],
            "translation": [0.75, 6, -4.5],
            "scale": [2.5, 2.5, 2.5]
        },
        "fixed": {
            "rotation": [0, 90, 0]
        }
    }
}
