{
	"credit": "Made with Blockbench",
	"texture_size": [32, 32],
	"textures": {
		"0": "guns/magnum",
		"particle": "guns/magnum"
	},
	"elements": [
		{
			"from": [4.79289, 7.20711, 16.25],
			"to": [6.79289, 9.20711, 20],
			"rotation": {"angle": 45, "axis": "z", "origin": [7.5, 6.5, 18.25]},
			"faces": {
				"north": {"uv": [13.5, 7, 14.5, 8], "rotation": 90, "texture": "#0"},
				"east": {"uv": [14.5, 7, 13.5, 8], "rotation": 270, "texture": "#0"},
				"south": {"uv": [13.5, 7, 14.5, 8], "rotation": 270, "texture": "#0"},
				"west": {"uv": [14.5, 8, 13.5, 7], "rotation": 270, "texture": "#0"},
				"up": {"uv": [13.5, 7, 14.5, 8], "rotation": 270, "texture": "#0"},
				"down": {"uv": [13.5, 7, 14.5, 8], "rotation": 270, "texture": "#0"}
			}
		},
		{
			"from": [4.08579, 6.16421, 8],
			"to": [7.58579, 9.66421, 12.25],
			"rotation": {"angle": 45, "axis": "z", "origin": [7.25, 6.5, 10.25]},
			"faces": {
				"north": {"uv": [2, 4, 4, 6], "texture": "#0"},
				"east": {"uv": [4.5, 4, 6.5, 6], "texture": "#0"},
				"south": {"uv": [6, 0, 8, 2], "texture": "#0"},
				"west": {"uv": [2, 6.5, 4, 8.5], "texture": "#0"},
				"up": {"uv": [6.5, 8.5, 4.5, 6.5], "texture": "#0"},
				"down": {"uv": [9, 2.5, 7, 4.5], "texture": "#0"}
			}
		},
		{
			"from": [7, 0, 11],
			"to": [9, 2, 16],
			"rotation": {"angle": 0, "axis": "x", "origin": [7, 1, 12]},
			"faces": {
				"north": {"uv": [12, 5.5, 13, 6.5], "texture": "#0"},
				"east": {"uv": [2, 9, 4.5, 10], "texture": "#0"},
				"south": {"uv": [12, 7, 13, 8], "texture": "#0"},
				"west": {"uv": [9, 5, 11.5, 6], "texture": "#0"},
				"up": {"uv": [6, 11.5, 5, 9], "texture": "#0"},
				"down": {"uv": [10, 6.5, 9, 9], "texture": "#0"}
			}
		},
		{
			"from": [7, 2, 11.25],
			"to": [9, 4, 15.75],
			"rotation": {"angle": 0, "axis": "x", "origin": [7, 3, 11.75]},
			"faces": {
				"north": {"uv": [12, 8.5, 13, 9.5], "texture": "#0"},
				"east": {"uv": [9.5, 2.5, 12, 3.5], "texture": "#0"},
				"south": {"uv": [12.5, 1.5, 13.5, 2.5], "texture": "#0"},
				"west": {"uv": [9, 9.5, 11.5, 10.5], "texture": "#0"},
				"up": {"uv": [7.5, 12.5, 6.5, 10], "texture": "#0"}
			}
		},
		{
			"from": [7, 4, 10.75],
			"to": [9, 6, 15.25],
			"rotation": {"angle": 0, "axis": "x", "origin": [7, 5, 11.25]},
			"faces": {
				"north": {"uv": [6, 13, 7, 14], "texture": "#0"},
				"east": {"uv": [0, 10.5, 2.5, 11.5], "texture": "#0"},
				"south": {"uv": [7.5, 13, 8.5, 14], "texture": "#0"},
				"west": {"uv": [10.5, 0, 13, 1], "texture": "#0"},
				"up": {"uv": [4, 13, 3, 10.5], "texture": "#0"},
				"down": {"uv": [11.5, 6.5, 10.5, 9], "texture": "#0"}
			}
		},
		{
			"from": [7, 6, 13],
			"to": [9, 8, 14.5],
			"rotation": {"angle": 0, "axis": "x", "origin": [7, 7, 10.5]},
			"faces": {
				"east": {"uv": [0, 12, 1, 13], "texture": "#0"},
				"south": {"uv": [1.5, 12, 2.5, 13], "texture": "#0"},
				"west": {"uv": [12, 4, 13, 5], "texture": "#0"},
				"up": {"uv": [5.5, 13, 4.5, 12], "texture": "#0"}
			}
		},
		{
			"from": [6.75, 6.5, 12],
			"to": [9.25, 10, 13],
			"rotation": {"angle": 0, "axis": "y", "origin": [7, 7, 0]},
			"faces": {
				"north": {"uv": [0, 8, 1.5, 10], "texture": "#0"},
				"east": {"uv": [13, 12.5, 13.5, 14.5], "texture": "#0"},
				"south": {"uv": [8.5, 0, 10, 2], "texture": "#0"},
				"west": {"uv": [0, 13.5, 0.5, 15.5], "texture": "#0"},
				"up": {"uv": [2.5, 14, 1, 13.5], "texture": "#0"},
				"down": {"uv": [4.5, 13.5, 3, 14], "texture": "#0"}
			}
		},
		{
			"from": [6.75, 6.5, 7.25],
			"to": [9.25, 10, 8.25],
			"rotation": {"angle": 0, "axis": "y", "origin": [7, 7, -4.75]},
			"faces": {
				"north": {"uv": [7, 5, 8.5, 7], "texture": "#0"},
				"east": {"uv": [9, 13, 9.5, 15], "texture": "#0"},
				"south": {"uv": [7, 7.5, 8.5, 9.5], "texture": "#0"},
				"west": {"uv": [13, 10, 13.5, 12], "texture": "#0"},
				"up": {"uv": [12, 2, 10.5, 1.5], "texture": "#0"},
				"down": {"uv": [15, 0, 13.5, 0.5], "texture": "#0"}
			}
		},
		{
			"from": [6.75, 7, 0],
			"to": [9.25, 9.5, 7.25],
			"rotation": {"angle": 0, "axis": "y", "origin": [7, 7, 0]},
			"faces": {
				"north": {"uv": [8, 11, 9.5, 12.5], "texture": "#0"},
				"east": {"uv": [0, 0, 3.5, 1.5], "texture": "#0"},
				"west": {"uv": [0, 2, 3.5, 3.5], "texture": "#0"},
				"up": {"uv": [1.5, 7.5, 0, 4], "texture": "#0"},
				"down": {"uv": [5.5, 0, 4, 3.5], "texture": "#0"}
			}
		},
		{
			"from": [7, 6, 7.75],
			"to": [9, 6.5, 13],
			"rotation": {"angle": 0, "axis": "y", "origin": [7, 6.5, 0]},
			"faces": {
				"north": {"uv": [13.5, 4, 14.5, 4.5], "texture": "#0"},
				"east": {"uv": [9.5, 4, 11.5, 4.5], "texture": "#0"},
				"south": {"uv": [13.5, 5, 14.5, 5.5], "texture": "#0"},
				"west": {"uv": [12.5, 3, 14.5, 3.5], "texture": "#0"},
				"up": {"uv": [11, 13, 10, 11], "texture": "#0"},
				"down": {"uv": [12.5, 11, 11.5, 13], "texture": "#0"}
			}
		}
	],
	"groups": [
		{
			"name": "chamber",
			"origin": [7, 7, 0],
			"color": 0,
			"children": [
				{
					"name": "bullets",
					"origin": [8, 6, 10.25],
					"color": 0,
					"children": [0]
				},
				1
			]
		},
		{
			"name": "body",
			"origin": [8, 8, 8],
			"color": 0,
			"children": [
				{
					"name": "grip",
					"origin": [7, 7, 10.5],
					"color": 0,
					"children": [2, 3, 4, 5]
				},
				6,
				7,
				8,
				9
			]
		}
	]
}