{
    "item": "ArmedBW Not-a-Flamethrower",
    "model_ver": "1",
    "parent": "item/guns/model/flamethrower",
    "display": {
        "thirdperson": {
            "rotation": [180, 90, -45],
            "translation": [0, -0.75, -6.5],
            "scale": [2, 2, 2]
        },
        "firstperson": {
            "rotation": [0, 40, 0],
            "translation": [-10, 15, -1],
            "scale": [3, 3, 3]
        },
        "ground": {
            "rotation": [0, 0, 0],
            "translation": [0, -2.75, 0],
            "scale": [4, 4, 4]
        },
        "gui": {
            "rotation": [20, -90, 10],
            "translation": [-4, 5, 0],
            "scale": [2.5, 2.5, 2.5]
        },
        "fixed": {
            "rotation": [0, -180, 0]
        }
    }
}
