{
	"credit": "Made with Blockbench",
	"textures": {
		"0": "guns/flamethrower",
		"particle": "guns/flamethrower"
	},
	"elements": [
		{
			"from": [1.75, 2.5, 8],
			"to": [3.25, 3.5, 8.5],
			"rotation": {"angle": 0, "axis": "y", "origin": [0, 2, 8]},
			"faces": {
				"north": {"uv": [4, 10, 5.5, 11], "texture": "#0"},
				"south": {"uv": [10, 4, 11.5, 5], "texture": "#0"},
				"west": {"uv": [12, 5, 12.5, 6], "texture": "#0"},
				"up": {"uv": [11.5, 5.5, 10, 5], "texture": "#0"},
				"down": {"uv": [12.5, 3, 11, 3.5], "texture": "#0"}
			}
		},
		{
			"from": [8.5, 2.75, 8],
			"to": [13, 3.5, 8.5],
			"rotation": {"angle": 0, "axis": "y", "origin": [6.75, 2, 8]},
			"faces": {
				"north": {"uv": [4, 6, 8.5, 7], "texture": "#0"},
				"south": {"uv": [4, 7, 8.5, 8], "texture": "#0"},
				"up": {"uv": [13.5, 6.5, 9, 6], "texture": "#0"},
				"down": {"uv": [13.5, 7, 9, 7.5], "texture": "#0"}
			}
		},
		{
			"from": [3.25, 2.5, 7.75],
			"to": [8.5, 3.75, 8.75],
			"rotation": {"angle": 0, "axis": "y", "origin": [0, 2, 8]},
			"faces": {
				"north": {"uv": [0, 0, 5.5, 1.5], "texture": "#0"},
				"east": {"uv": [6, 10, 7, 11.5], "texture": "#0"},
				"south": {"uv": [0, 2, 5.5, 3.5], "texture": "#0"},
				"west": {"uv": [7, 10, 8, 11.5], "texture": "#0"},
				"up": {"uv": [5.5, 5, 0, 4], "texture": "#0"},
				"down": {"uv": [5.5, 5, 0, 6], "texture": "#0"}
			}
		},
		{
			"from": [0, 1, 8],
			"to": [0.25, 3.5, 8.5],
			"rotation": {"angle": 0, "axis": "y", "origin": [-1, 2, 8]},
			"faces": {
				"north": {"uv": [8, 10, 8.5, 12.5], "texture": "#0"},
				"east": {"uv": [10, 8, 10.5, 10.5], "texture": "#0"},
				"south": {"uv": [9, 10, 9.5, 12.5], "texture": "#0"},
				"west": {"uv": [0, 11, 0.5, 13.5], "texture": "#0"},
				"up": {"uv": [13.5, 1.5, 13, 1], "texture": "#0"},
				"down": {"uv": [13.5, 2, 13, 2.5], "texture": "#0"}
			}
		},
		{
			"from": [1, 1.5, 8],
			"to": [1.25, 4, 8.5],
			"rotation": {"angle": -45, "axis": "z", "origin": [0, 2.5, 8]},
			"faces": {
				"north": {"uv": [11, 0, 11.5, 2.5], "texture": "#0"},
				"east": {"uv": [1, 11, 1.5, 13.5], "texture": "#0"},
				"south": {"uv": [2, 11, 2.5, 13.5], "texture": "#0"},
				"west": {"uv": [3, 11, 3.5, 13.5], "texture": "#0"},
				"down": {"uv": [13.5, 3, 13, 3.5], "texture": "#0"}
			}
		},
		{
			"from": [3.75, 1.5, 8],
			"to": [4.5, 3.25, 8.5],
			"rotation": {"angle": -22.5, "axis": "z", "origin": [3, 2.5, 8]},
			"faces": {
				"north": {"uv": [10, 0, 11, 2], "texture": "#0"},
				"east": {"uv": [4, 11, 4.5, 13], "texture": "#0"},
				"south": {"uv": [10, 2, 11, 4], "texture": "#0"},
				"west": {"uv": [5, 11, 5.5, 13], "texture": "#0"},
				"down": {"uv": [7, 12, 6, 12.5], "texture": "#0"}
			}
		},
		{
			"from": [0.25, 3.25, 8],
			"to": [1.75, 3.5, 8.5],
			"rotation": {"angle": 0, "axis": "y", "origin": [-0.75, 2, 8]},
			"faces": {
				"north": {"uv": [11, 8, 12.5, 8.5], "texture": "#0"},
				"south": {"uv": [11, 9, 12.5, 9.5], "texture": "#0"},
				"up": {"uv": [11.5, 11.5, 10, 11], "texture": "#0"},
				"down": {"uv": [12.5, 10, 11, 10.5], "texture": "#0"}
			}
		},
		{
			"from": [13, 2.25, 7.5],
			"to": [15, 3.75, 9],
			"rotation": {"angle": 0, "axis": "y", "origin": [6.25, 2, 8]},
			"faces": {
				"north": {"uv": [4, 8, 6, 9.5], "texture": "#0"},
				"east": {"uv": [0, 9, 1.5, 10.5], "texture": "#0"},
				"south": {"uv": [8, 4, 10, 5.5], "texture": "#0"},
				"west": {"uv": [2, 9, 3.5, 10.5], "texture": "#0"},
				"up": {"uv": [8, 9.5, 6, 8], "texture": "#0"},
				"down": {"uv": [10, 8, 8, 9.5], "texture": "#0"}
			}
		},
		{
			"from": [14.5, 1.75, 7.75],
			"to": [14.75, 2.25, 8],
			"rotation": {"angle": 0, "axis": "y", "origin": [6.25, 1, 8]},
			"faces": {
				"north": {"uv": [4, 13, 4.5, 13.5], "texture": "#0"},
				"east": {"uv": [13, 4, 13.5, 4.5], "texture": "#0"},
				"south": {"uv": [5, 13, 5.5, 13.5], "texture": "#0"},
				"west": {"uv": [13, 5, 13.5, 5.5], "texture": "#0"},
				"down": {"uv": [6.5, 13, 6, 13.5], "texture": "#0"}
			}
		},
		{
			"from": [14.75, 1.75, 7.75],
			"to": [15.75, 2, 8],
			"rotation": {"angle": 0, "axis": "y", "origin": [6.75, 0.75, 7.75]},
			"faces": {
				"north": {"uv": [7, 12, 8, 12.5], "texture": "#0"},
				"south": {"uv": [10, 12, 11, 12.5], "texture": "#0"},
				"up": {"uv": [12, 12.5, 11, 12], "texture": "#0"},
				"down": {"uv": [13, 11, 12, 11.5], "texture": "#0"}
			}
		},
		{
			"from": [15.75, 1.75, 7.5],
			"to": [16, 2.5, 8],
			"rotation": {"angle": 0, "axis": "y", "origin": [7.5, 1.25, 8.25]},
			"faces": {
				"north": {"uv": [12, 0, 12.5, 1], "texture": "#0"},
				"east": {"uv": [12, 1, 12.5, 2], "texture": "#0"},
				"south": {"uv": [12, 2, 12.5, 3], "texture": "#0"},
				"west": {"uv": [12, 4, 12.5, 5], "texture": "#0"},
				"up": {"uv": [12.5, 12.5, 12, 12], "texture": "#0"},
				"down": {"uv": [13.5, 0, 13, 0.5], "texture": "#0"}
			}
		},
		{
			"from": [6, -0.5, 7.25],
			"to": [8, 2, 9.25],
			"rotation": {"angle": 22.5, "axis": "y", "origin": [7, -0.5, 8.25]},
			"faces": {
				"north": {"uv": [6, 0, 8, 2.5], "texture": "#0"},
				"east": {"uv": [2, 6, 4, 8.5], "texture": "#0"},
				"south": {"uv": [6, 3, 8, 5.5], "texture": "#0"},
				"west": {"uv": [0, 6, 2, 8.5], "texture": "#0"},
				"up": {"uv": [10, 2, 8, 0], "rotation": 270, "texture": "#0"},
				"down": {"uv": [10, 2, 8, 4], "rotation": 90, "texture": "#0"}
			}
		}
	],
	"groups": [
		0,
		1,
		2,
		3,
		4,
		5,
		6,
		7,
		8,
		9,
		10,
		{
			"name": "gas",
			"origin": [8, 8, 8],
			"color": 0,
			"children": [11]
		}
	]
}