{
    "item": "ArmedBW Magnum",
    "model_ver": "1",
    "parent": "animation/guns/magnum/magnum8",
    "display": {
        "thirdperson": {
            "rotation": [90, 0, 180],
            "translation": [0, 2, -2.5],
            "scale": [0.6, 0.6, 0.6]
        },
        "firstperson": {
            "rotation": [50, -55, 15],
            "translation": [-4, 6, -0.5],
            "scale": [1, 1, 1]
        },
        "ground": {
            "rotation": [0, 0, 0],
            "translation": [0, 0.75, 0],
            "scale": [2.25, 2.25, 2.25]
        },
        "gui": {
            "rotation": [45, -135, 0],
            "translation": [-1, 0, 0],
            "scale": [1.35, 1.35, 1.35]
        },
        "fixed": {
            "rotation": [0, 90, 0]
        }
    }
}
