{
    "item": "ArmedBW Shotgun",
    "model_ver": "1",
    "parent": "animation/guns/shotgun/shotgun6",
    "display": {
        "thirdperson": {
            "rotation": [50, 0, 180],
            "translation": [0, 1, -5.5],
            "scale": [1, 1, 1]
        },
        "firstperson": {
            "rotation": [5, -45, 0],
            "translation": [0, 12, -3.5],
            "scale": [3, 3, 3]
        },
        "ground": {
            "rotation": [0, 0, 0],
            "translation": [0, 0.75, 0],
            "scale": [3, 3, 3]
        },
        "gui": {
            "rotation": [45, -135, 0],
            "translation": [0.75, 6, -5],
            "scale": [2, 2, 2]
        },
        "fixed": {
            "rotation": [0, 90, 0]
        }
    }
}
