{
	"credit": "Made with Blockbench",
	"texture_size": [32, 32],
	"textures": {
		"0": "guns/pistol",
		"particle": "guns/pistol"
	},
	"elements": [
		{
			"from": [3.75, 6, 6.5],
			"to": [15, 9, 8.5],
			"rotation": {"angle": 0, "axis": "y", "origin": [7, 7, 6.5]},
			"faces": {
				"north": {"uv": [0, 0, 5.5, 1.5], "texture": "#0"},
				"east": {"uv": [4.5, 10, 5.5, 11.5], "texture": "#0"},
				"south": {"uv": [0, 1.5, 5.5, 3], "texture": "#0"},
				"west": {"uv": [5.5, 10, 6.5, 11.5], "texture": "#0"},
				"up": {"uv": [11, 5, 5.5, 4], "texture": "#0"},
				"down": {"uv": [11, 5, 5.5, 6], "texture": "#0"}
			}
		},
		{
			"from": [1.75, 6, 6.5],
			"to": [3.75, 9, 7],
			"rotation": {"angle": 0, "axis": "y", "origin": [-4.75, 7, 6.5]},
			"faces": {
				"north": {"uv": [6.5, 10, 7.5, 11.5], "texture": "#0"},
				"south": {"uv": [7.5, 10, 8.5, 11.5], "texture": "#0"},
				"west": {"uv": [3.5, 11, 4, 12.5], "texture": "#0"},
				"up": {"uv": [5.5, 7.5, 4.5, 7], "texture": "#0"},
				"down": {"uv": [7.5, 11.5, 6.5, 12], "texture": "#0"}
			}
		},
		{
			"from": [1.75, 6, 8],
			"to": [3.75, 9, 8.5],
			"rotation": {"angle": 0, "axis": "y", "origin": [-4.75, 7, 8.25]},
			"faces": {
				"north": {"uv": [8.5, 10, 9.5, 11.5], "texture": "#0"},
				"south": {"uv": [9.5, 10, 10.5, 11.5], "texture": "#0"},
				"west": {"uv": [4, 11, 4.5, 12.5], "texture": "#0"},
				"up": {"uv": [12.5, 7.5, 11.5, 7], "texture": "#0"},
				"down": {"uv": [8.5, 11.5, 7.5, 12], "texture": "#0"}
			}
		},
		{
			"from": [4.23118, -1.98743, 6.75],
			"to": [7.98118, 6.51257, 8.25],
			"rotation": {"angle": -22.5, "axis": "z", "origin": [10.25, 9.25, 5.5]},
			"faces": {
				"north": {"uv": [0, 3, 2, 7], "texture": "#0"},
				"east": {"uv": [7, 0, 8, 4], "texture": "#0"},
				"south": {"uv": [2, 3, 4, 7], "texture": "#0"},
				"west": {"uv": [3.5, 7, 4.5, 11], "texture": "#0"},
				"up": {"uv": [2, 10.5, 0, 9.5], "texture": "#0"},
				"down": {"uv": [11.5, 7, 9.5, 8], "texture": "#0"}
			}
		},
		{
			"from": [9.25, 9, 6.25],
			"to": [14, 9.25, 8.75],
			"rotation": {"angle": 0, "axis": "y", "origin": [9.25, 9.25, 7.5]},
			"faces": {
				"north": {"uv": [0, 10.5, 2.5, 11], "texture": "#0"},
				"east": {"uv": [11, 4, 12.5, 4.5], "texture": "#0"},
				"south": {"uv": [10.5, 10, 13, 10.5], "texture": "#0"},
				"west": {"uv": [11, 4.5, 12.5, 5], "texture": "#0"},
				"up": {"uv": [7, 9, 4.5, 7.5], "texture": "#0"},
				"down": {"uv": [9.5, 7.5, 7, 9], "texture": "#0"}
			}
		},
		{
			"from": [13.5, 9.25, 7.25],
			"to": [14, 9.75, 7.75],
			"rotation": {"angle": 0, "axis": "y", "origin": [9.25, 9.5, 7.5]},
			"faces": {
				"north": {"uv": [9, 7, 9.5, 7.5], "texture": "#0"},
				"east": {"uv": [11.5, 7.5, 12, 8], "texture": "#0"},
				"south": {"uv": [8.5, 11.5, 9, 12], "texture": "#0"},
				"west": {"uv": [9, 11.5, 9.5, 12], "texture": "#0"},
				"up": {"uv": [10, 12, 9.5, 11.5], "texture": "#0"}
			}
		},
		{
			"from": [9.25, 6.75, 6.25],
			"to": [14, 9, 6.5],
			"rotation": {"angle": 0, "axis": "y", "origin": [9.25, 9, 6.25]},
			"faces": {
				"north": {"uv": [0, 8.5, 2.5, 9.5], "texture": "#0"},
				"east": {"uv": [2, 9.5, 2.5, 10.5], "texture": "#0"},
				"south": {"uv": [4.5, 9, 7, 10], "texture": "#0"},
				"west": {"uv": [11.5, 0, 12, 1], "texture": "#0"},
				"down": {"uv": [13, 10.5, 10.5, 11], "texture": "#0"}
			}
		},
		{
			"from": [1, 6.75, 6.25],
			"to": [8, 9, 6.5],
			"rotation": {"angle": 0, "axis": "y", "origin": [3.25, 9, 6.25]},
			"faces": {
				"north": {"uv": [8, 0, 11.5, 1], "texture": "#0"},
				"east": {"uv": [2, 11.5, 2.5, 12.5], "texture": "#0"},
				"south": {"uv": [8, 1, 11.5, 2], "texture": "#0"},
				"west": {"uv": [11.5, 2, 12, 3], "texture": "#0"},
				"down": {"uv": [13, 9, 9.5, 9.5], "texture": "#0"}
			}
		},
		{
			"from": [9.25, 6.75, 8.5],
			"to": [14, 9, 8.75],
			"rotation": {"angle": 0, "axis": "y", "origin": [9.25, 9, 8.5]},
			"faces": {
				"north": {"uv": [9, 6, 11.5, 7], "texture": "#0"},
				"east": {"uv": [11.5, 1, 12, 2], "texture": "#0"},
				"south": {"uv": [7, 9, 9.5, 10], "texture": "#0"},
				"west": {"uv": [1.5, 11.5, 2, 12.5], "texture": "#0"},
				"down": {"uv": [2.5, 11, 0, 11.5], "texture": "#0"}
			}
		},
		{
			"from": [1, 6.75, 8.5],
			"to": [8, 9, 8.75],
			"rotation": {"angle": 0, "axis": "y", "origin": [3.25, 9, 8.5]},
			"faces": {
				"north": {"uv": [8, 2, 11.5, 3], "texture": "#0"},
				"east": {"uv": [11.5, 3, 12, 4], "texture": "#0"},
				"south": {"uv": [8, 3, 11.5, 4], "texture": "#0"},
				"west": {"uv": [4.5, 11.5, 5, 12.5], "texture": "#0"},
				"down": {"uv": [13, 9.5, 9.5, 10], "texture": "#0"}
			}
		},
		{
			"from": [8, 6.75, 8.5],
			"to": [9.25, 8.75, 8.75],
			"rotation": {"angle": 0, "axis": "y", "origin": [8, 9, 8.5]},
			"faces": {
				"north": {"uv": [5, 11.5, 5.5, 12.5], "texture": "#0"},
				"south": {"uv": [5.5, 11.5, 6, 12.5], "texture": "#0"},
				"up": {"uv": [10.5, 12, 10, 11.5], "texture": "#0"},
				"down": {"uv": [11, 11.5, 10.5, 12], "texture": "#0"}
			}
		},
		{
			"from": [8, 6.75, 6.25],
			"to": [9.25, 8.75, 6.5],
			"rotation": {"angle": 0, "axis": "y", "origin": [8, 9, 6.25]},
			"faces": {
				"north": {"uv": [6, 11.5, 6.5, 12.5], "texture": "#0"},
				"south": {"uv": [11.5, 6, 12, 7], "texture": "#0"},
				"up": {"uv": [11.5, 12, 11, 11.5], "texture": "#0"},
				"down": {"uv": [12, 11.5, 11.5, 12], "texture": "#0"}
			}
		},
		{
			"from": [1, 9, 6.25],
			"to": [8, 9.25, 8.75],
			"rotation": {"angle": 0, "axis": "y", "origin": [3.25, 9.25, 7.5]},
			"faces": {
				"north": {"uv": [9.5, 8, 13, 8.5], "texture": "#0"},
				"east": {"uv": [10.5, 11, 12, 11.5], "texture": "#0"},
				"south": {"uv": [9.5, 8.5, 13, 9], "texture": "#0"},
				"west": {"uv": [0, 11.5, 1.5, 12], "texture": "#0"},
				"up": {"uv": [9, 7.5, 5.5, 6], "texture": "#0"},
				"down": {"uv": [3.5, 7, 0, 8.5], "texture": "#0"}
			}
		},
		{
			"from": [1.5, 0.75, 7],
			"to": [4.75, 8.25, 8],
			"rotation": {"angle": -22.5, "axis": "z", "origin": [1.25, 3.25, 6.25]},
			"faces": {
				"north": {"uv": [4, 3, 5.5, 7], "texture": "#0"},
				"east": {"uv": [2.5, 8.5, 3, 12.5], "texture": "#0"},
				"south": {"uv": [5.5, 0, 7, 4], "texture": "#0"},
				"west": {"uv": [3, 8.5, 3.5, 12.5], "texture": "#0"},
				"up": {"uv": [12.5, 5.5, 11, 5], "texture": "#0"},
				"down": {"uv": [12.5, 5.5, 11, 6], "texture": "#0"}
			}
		}
	],
	"groups": [
		{
			"name": "body",
			"origin": [0.25, 7, 6.5],
			"color": 0,
			"children": [0, 1, 2, 3]
		},
		{
			"name": "slider",
			"origin": [8, 8, 8],
			"color": 0,
			"children": [4, 5, 6, 7, 8, 9, 10, 11, 12]
		},
		{
			"name": "magazine",
			"origin": [1.25, 3.25, 6.25],
			"color": 0,
			"children": [13]
		}
	]
}