{
    "mob.irongolem.hit": {
        "replace": true,
        "sounds": [{ "name": "empty" }]
    },
    "mob.horse.gallop": {
        "replace": true,
        "sounds": [{ "name": "empty" }]
    },
    "guns.pistol.shot": {
        "category": "player",
        "sounds": [
            {
                "name": "guns/pistol/shot1"
            },
            {
                "name": "guns/pistol/shot2"
            },
            {
                "name": "guns/pistol/shot3"
            },
            {
                "name": "guns/pistol/shot4"
            }
        ]
    },
    "guns.pistol.reload": {
        "category": "player",
        "sounds": [
            {
                "name": "guns/pistol/reload"
            }
        ]
    },
    "random.orb": {
        "replace": true,
        "sounds": [{ "name": "empty" }]
    },
    "effects.kill": {
        "category": "player",
        "sounds": [
            {
                "name": "bullet/kill"
            }
        ]
    },
    "tile.piston.in": {
        "replace": true,
        "sounds": [{ "name": "empty" }]
    },
    "bullet.whizz": {
        "category": "player",
        "sounds": [
            {
                "name": "bullet/whizz1"
            },
            {
                "name": "bullet/whizz2"
            },
            {
                "name": "bullet/whizz3"
            },
            {
                "name": "bullet/whizz4"
            },
            {
                "name": "bullet/whizz5"
            }
        ]
    },
    "random.successful_hit": {
        "replace": true,
        "sounds": [{ "name": "empty" }]
    },
    "bullet.hit": {
        "category": "player",
        "sounds": [
            {
                "name": "bullet/hit1"
            },
            {
                "name": "bullet/hit2"
            },
            {
                "name": "bullet/hit3"
            }
        ]
    },
    "fireworks.blast_far": {
        "replace": true,
        "sounds": [{ "name": "empty" }]
    },
    "fireworks.blast": {
        "replace": true,
        "sounds": [{ "name": "empty" }]
    },
    "guns.smg.shot": {
        "category": "player",
        "sounds": [
            {
                "name": "guns/smg/shot1"
            },
            {
                "name": "guns/smg/shot2"
            },
            {
                "name": "guns/smg/shot3"
            },
            {
                "name": "guns/smg/shot4"
            }
        ]
    },
    "guns.smg.reload": {
        "category": "player",
        "sounds": [
            {
                "name": "guns/smg/reload"
            }
        ]
    },
    "fireworks.largeBlast": {
        "replace": true,
        "sounds": [{ "name": "empty" }]
    },
    "guns.rifle.shot": {
        "category": "player",
        "sounds": [
            {
                "name": "guns/rifle/shot1"
            },
            {
                "name": "guns/rifle/shot2"
            },
            {
                "name": "guns/rifle/shot3"
            },
            {
                "name": "guns/rifle/shot4"
            }
        ]
    },
    "guns.rifle.reload": {
        "category": "player",
        "sounds": [
            {
                "name": "guns/rifle/reload1"
            },
            {
                "name": "guns/rifle/reload2"
            }
        ]
    },

    "random.explode": {
        "replace": true,
        "sounds": [{ "name": "empty" }]
    },
    "guns.shotgun.shot": {
        "category": "player",
        "sounds": [
            {
                "name": "guns/shotgun/shot1"
            },
            {
                "name": "guns/shotgun/shot2"
            },
            {
                "name": "guns/shotgun/shot3"
            }
        ]
    },
    "guns.shotgun.reload": {
        "category": "player",
        "sounds": [
            {
                "name": "guns/shotgun/reload"
            }
        ]
    },
    "guns.magnum.shot": {
        "category": "player",
        "sounds": [
            {
                "name": "guns/magnum/shot1"
            },
            {
                "name": "guns/magnum/shot2"
            },
            {
                "name": "guns/magnum/shot3"
            }
        ]
    },
    "guns.magnum.reload": {
        "category": "player",
        "sounds": [
            {
                "name": "guns/magnum/reload"
            }
        ]
    },
    "fire.fire": {
        "replace": true,
        "sounds": [{ "name": "empty" }]
    },
    "guns.flamethrower.reload": {
        "category": "player",
        "sounds": [
            {
                "name": "guns/flamethrower/reload"
            }
        ]
    },
    "guns.flamethrower.shot": {
        "category": "player",
        "sounds": [
            {
                "name": "guns/flamethrower/shot"
            }
        ]
    },
    "default.mob.irongolem.hit": {
        "category": "neutral",
        "sounds": [
            "default/mob/irongolem/hit1",
            "default/mob/irongolem/hit2",
            "default/mob/irongolem/hit3",
            "default/mob/irongolem/hit4"
        ]
    },
    "default.fireworks.blast": {
        "category": "ambient",
        "sounds": ["default/fireworks/blast1"]
    },
    "default.fireworks.blast_far": {
        "category": "ambient",
        "sounds": ["default/fireworks/blast_far1"]
    },
    "default.fireworks.largeBlast": {
        "category": "ambient",
        "sounds": ["default/fireworks/largeBlast1"]
    },
    "default.random.explode": {
        "category": "block",
        "sounds": [
            "default/random/explode1",
            "default/random/explode2",
            "default/random/explode3",
            "default/random/explode4"
        ]
    },
    "default.fire.fire": {
        "category": "block",
        "sounds": ["default/fire/fire"]
    },
    "default.mob.horse.gallop": {
        "category": "neutral",
        "sounds": [
            "default/mob/horse/gallop1",
            "default/mob/horse/gallop2",
            "default/mob/horse/gallop3",
            "default/mob/horse/gallop4"
        ]
    },
    "default.random.successful_hit": {
        "category": "player",
        "sounds": ["default/random/successful_hit"]
    },
    "default.tile.piston.in": {
        "category": "block",
        "sounds": ["default/tile/piston/in"]
    },
    "default.random.orb": {
        "category": "player",
        "sounds": ["default/random/orb"]
    }
}
