{
    "item": "ArmedBW SMG",
    "model_ver": "1",
    "parent": "animation/guns/smg/smg1",
    "display": {
        "thirdperson": {
            "rotation": [90, 0, 180],
            "translation": [0, 1, -2.5],
            "scale": [0.875, 0.875, 0.875]
        },
        "firstperson": {
            "rotation": [35, -37.5, 10],
            "translation": [-3, 5.5, -0.5],
            "scale": [2, 2, 2]
        },
        "ground": {
            "rotation": [0, 0, 0],
            "translation": [0, 0.75, 0],
            "scale": [3, 3, 3]
        },
        "gui": {
            "rotation": [45, -135, 0],
            "translation": [0.75, 2, -3],
            "scale": [2, 2, 2]
        },
        "fixed": {
            "rotation": [0, 90, 0]
        }
    }
}
