{
    "item": "ArmedBW Pistol",
    "model_ver": "1",
    "parent": "animation/guns/pistol/pistol2",
    "display": {
        "thirdperson": {
            "rotation": [-1, -90, 88],
            "translation": [-0.2, 2, -1.6],
            "scale": [0.5, 0.5, 0.5]
        },
        "firstperson": {
            "rotation": [51, 33, 0],
            "translation": [4, 4.5, -1],
            "scale": [1.5, 1.5, 1.5]
        },
        "ground": {
            "rotation": [0, 0, 0],
            "translation": [0, -2.75, 0],
            "scale": [2, 2, 2]
        },
        "gui": {
            "rotation": [0, -45, 45],
            "translation": [-1, 0, 0],
            "scale": [1.25, 1.25, 1.25]
        },
        "fixed": {
            "rotation": [0, -180, 0]
        }
    }
}
