{
	"credit": "Made with Blockbench",
	"texture_size": [32, 32],
	"textures": {
		"0": "guns/smg",
		"particle": "guns/smg"
	},
	"elements": [
		{
			"from": [7, 7, 9],
			"to": [9, 9, 12],
			"rotation": {"angle": 0, "axis": "y", "origin": [7, 7, 14]},
			"faces": {
				"east": {"uv": [7, 2.5, 8.5, 3.5], "texture": "#0"},
				"south": {"uv": [8.5, 0, 9.5, 1], "texture": "#0"},
				"west": {"uv": [7.5, 4, 9, 5], "texture": "#0"},
				"up": {"uv": [4, 9, 3, 7.5], "texture": "#0"},
				"down": {"uv": [8.5, 5.5, 7.5, 7], "texture": "#0"}
			}
		},
		{
			"from": [7, 9.25, 7],
			"to": [9, 9.5, 9],
			"rotation": {"angle": 0, "axis": "y", "origin": [7, 7.5, 12]},
			"faces": {
				"north": {"uv": [10.5, 2, 11.5, 2.5], "texture": "#0"},
				"east": {"uv": [10.5, 5, 11.5, 5.5], "texture": "#0"},
				"south": {"uv": [10.5, 6, 11.5, 6.5], "texture": "#0"},
				"west": {"uv": [8.5, 10.5, 9.5, 11], "texture": "#0"},
				"up": {"uv": [10, 2.5, 9, 1.5], "texture": "#0"}
			}
		},
		{
			"from": [6.75, 4, 7],
			"to": [9.25, 9.25, 9],
			"rotation": {"angle": 0, "axis": "y", "origin": [7, 5, 14]},
			"faces": {
				"north": {"uv": [0, 0, 1.5, 2.5], "texture": "#0"},
				"east": {"uv": [4, 0, 5, 2.5], "texture": "#0"},
				"south": {"uv": [2, 0, 3.5, 2.5], "texture": "#0"},
				"west": {"uv": [3, 4.5, 4, 7], "texture": "#0"},
				"up": {"uv": [9, 8.5, 7.5, 7.5], "texture": "#0"},
				"down": {"uv": [1.5, 8, 0, 9], "texture": "#0"}
			}
		},
		{
			"from": [7.25, 7, 1],
			"to": [8.75, 9, 7],
			"rotation": {"angle": 0, "axis": "y", "origin": [7, 7, 9]},
			"faces": {
				"north": {"uv": [9, 5.5, 10, 6.5], "texture": "#0"},
				"east": {"uv": [0, 3, 3, 4], "texture": "#0"},
				"west": {"uv": [3.5, 3, 6.5, 4], "texture": "#0"},
				"up": {"uv": [1, 7.5, 0, 4.5], "texture": "#0"},
				"down": {"uv": [2.5, 4.5, 1.5, 7.5], "texture": "#0"}
			}
		},
		{
			"from": [7.5, 7, 0],
			"to": [8.5, 9, 1],
			"rotation": {"angle": 0, "axis": "y", "origin": [7, 7, 8]},
			"faces": {
				"north": {"uv": [0, 11, 0.5, 12], "texture": "#0"},
				"east": {"uv": [11, 8, 11.5, 9], "texture": "#0"},
				"west": {"uv": [11, 9.5, 11.5, 10.5], "texture": "#0"},
				"up": {"uv": [7, 12, 6.5, 11.5], "texture": "#0"},
				"down": {"uv": [12, 7, 11.5, 7.5], "texture": "#0"}
			}
		},
		{
			"from": [7.25, 7.75, 12],
			"to": [7.5, 8, 15],
			"rotation": {"angle": 0, "axis": "y", "origin": [7.25, 6, 17]},
			"faces": {
				"east": {"uv": [9, 3, 10.5, 3.5], "texture": "#0"},
				"west": {"uv": [3, 9.5, 4.5, 10], "texture": "#0"},
				"up": {"uv": [5.5, 11, 5, 9.5], "texture": "#0"},
				"down": {"uv": [6.5, 9.5, 6, 11], "texture": "#0"}
			}
		},
		{
			"from": [8.5, 7.5, 12],
			"to": [8.75, 8, 15],
			"rotation": {"angle": 0, "axis": "y", "origin": [8.5, 6, 17]},
			"faces": {
				"east": {"uv": [9.5, 4, 11, 4.5], "texture": "#0"},
				"west": {"uv": [9.5, 7, 11, 7.5], "texture": "#0"},
				"up": {"uv": [10.5, 9.5, 10, 8], "texture": "#0"},
				"down": {"uv": [10.5, 10, 10, 11.5], "texture": "#0"}
			}
		},
		{
			"from": [7, 4, 15],
			"to": [9, 8, 16],
			"rotation": {"angle": 0, "axis": "y", "origin": [7, 6, 18]},
			"faces": {
				"north": {"uv": [4.5, 4.5, 5.5, 6.5], "texture": "#0"},
				"east": {"uv": [2, 8, 2.5, 10], "texture": "#0"},
				"south": {"uv": [5.5, 0, 6.5, 2], "texture": "#0"},
				"west": {"uv": [7.5, 9, 8, 11], "texture": "#0"},
				"up": {"uv": [12, 3.5, 11, 3], "texture": "#0"},
				"down": {"uv": [12, 11, 11, 11.5], "texture": "#0"}
			}
		},
		{
			"from": [7.5, 4, 2],
			"to": [8.5, 7, 3],
			"rotation": {"angle": 0, "axis": "y", "origin": [7, 5, 5]},
			"faces": {
				"north": {"uv": [10.5, 0, 11, 1.5], "texture": "#0"},
				"east": {"uv": [1.5, 10.5, 2, 12], "texture": "#0"},
				"south": {"uv": [2.5, 10.5, 3, 12], "texture": "#0"},
				"west": {"uv": [3.5, 10.5, 4, 12], "texture": "#0"},
				"down": {"uv": [8, 11.5, 7.5, 12], "texture": "#0"}
			}
		},
		{
			"from": [7, -10, 10.25],
			"to": [9, -1, 11.75],
			"rotation": {"angle": 0, "axis": "y", "origin": [7, -6, 17]},
			"faces": {
				"north": {"uv": [6, 4.5, 7, 6.5], "texture": "#0"},
				"east": {"uv": [7, 0, 8, 2], "texture": "#0"},
				"south": {"uv": [4.5, 7, 5.5, 9], "texture": "#0"},
				"west": {"uv": [6, 7, 7, 9], "texture": "#0"},
				"up": {"uv": [9.5, 10, 8.5, 9], "texture": "#0"},
				"down": {"uv": [1, 9.5, 0, 10.5], "texture": "#0"}
			}
		},
		{
			"from": [6, 8.25, 1.25],
			"to": [7.25, 8.75, 1.75],
			"rotation": {"angle": 0, "axis": "y", "origin": [5.25, 0.75, 0]},
			"faces": {
				"north": {"uv": [11.5, 0, 12, 0.5], "texture": "#0"},
				"south": {"uv": [11.5, 1, 12, 1.5], "texture": "#0"},
				"west": {"uv": [11.5, 4, 12, 4.5], "texture": "#0"},
				"up": {"uv": [5, 12, 4.5, 11.5], "texture": "#0"},
				"down": {"uv": [6, 11.5, 5.5, 12], "texture": "#0"}
			}
		}
	],
	"groups": [
		{
			"name": "body",
			"origin": [7, 4, 14],
			"color": 0,
			"children": [0, 1, 2, 3, 4, 5, 6, 7, 8]
		},
		{
			"name": "magazine",
			"origin": [7, 4, 14],
			"color": 0,
			"children": [9]
		},
		{
			"name": "lever",
			"origin": [8, 8, 8],
			"color": 0,
			"children": [10]
		}
	]
}