{
	"credit": "Made with Blockbench",
	"textures": {
		"0": "guns/shotgun",
		"particle": "guns/shotgun"
	},
	"elements": [
		{
			"from": [7.25, 0, 13.75],
			"to": [8.75, 2, 16],
			"rotation": {"angle": 22.5, "axis": "x", "origin": [7, 0, 16]},
			"faces": {
				"north": {"uv": [6, 10, 8, 12], "texture": "#0"},
				"east": {"uv": [0, 11, 2, 13], "texture": "#0"},
				"south": {"uv": [11, 0, 13, 2], "texture": "#0"},
				"west": {"uv": [2, 11, 4, 13], "texture": "#0"},
				"up": {"uv": [13, 4, 11, 2], "texture": "#0"},
				"down": {"uv": [6, 11, 4, 13], "texture": "#0"}
			}
		},
		{
			"from": [7.5, 1.25, 13.25],
			"to": [8.5, 2.75, 14],
			"rotation": {"angle": 22.5, "axis": "x", "origin": [7, 1, 13.75]},
			"faces": {
				"north": {"uv": [11, 8, 12, 10], "texture": "#0"},
				"east": {"uv": [9, 11, 10, 13], "texture": "#0"},
				"west": {"uv": [10, 11, 11, 13], "texture": "#0"},
				"up": {"uv": [14, 2, 13, 1], "texture": "#0"},
				"down": {"uv": [3, 13, 2, 14], "texture": "#0"}
			}
		},
		{
			"from": [7.75, 2, 11.5],
			"to": [8.25, 3.25, 13.5],
			"rotation": {"angle": 22.5, "axis": "x", "origin": [7, 1.5, 12.75]},
			"faces": {
				"east": {"uv": [11, 10, 13, 11], "texture": "#0"},
				"south": {"uv": [13, 2, 14, 3], "texture": "#0"},
				"west": {"uv": [11, 11, 13, 12], "texture": "#0"},
				"up": {"uv": [7, 14, 6, 12], "texture": "#0"},
				"down": {"uv": [13, 6, 12, 8], "texture": "#0"}
			}
		},
		{
			"from": [7.5, 2, 14.25],
			"to": [8.5, 2.5, 15.75],
			"rotation": {"angle": 22.5, "axis": "x", "origin": [7, 0.25, 16]},
			"faces": {
				"north": {"uv": [3, 13, 4, 14], "texture": "#0"},
				"east": {"uv": [12, 9, 14, 10], "texture": "#0"},
				"south": {"uv": [13, 3, 14, 4], "texture": "#0"},
				"west": {"uv": [11, 12, 13, 13], "texture": "#0"},
				"up": {"uv": [1, 15, 0, 13], "texture": "#0"}
			}
		},
		{
			"from": [7.5, 3, 0],
			"to": [8.5, 4, 9],
			"rotation": {"angle": 0, "axis": "y", "origin": [7, 2, 7]},
			"faces": {
				"north": {"uv": [13, 0, 14, 1], "texture": "#0"},
				"east": {"uv": [0, 0, 9, 1], "texture": "#0"},
				"west": {"uv": [0, 1, 9, 2], "texture": "#0"},
				"up": {"uv": [1, 11, 0, 2], "texture": "#0"},
				"down": {"uv": [2, 2, 1, 11], "texture": "#0"}
			}
		},
		{
			"from": [7.25, 2, 9],
			"to": [8.75, 4.25, 11.5],
			"rotation": {"angle": 0, "axis": "y", "origin": [7, 2, 7]},
			"faces": {
				"north": {"uv": [9, 3, 11, 5], "texture": "#0"},
				"east": {"uv": [4, 4, 7, 6], "texture": "#0"},
				"south": {"uv": [9, 5, 11, 7], "texture": "#0"},
				"west": {"uv": [4, 6, 7, 8], "texture": "#0"},
				"up": {"uv": [9, 7, 7, 4], "texture": "#0"},
				"down": {"uv": [9, 7, 7, 10], "texture": "#0"}
			}
		},
		{
			"from": [7.5, 2, 11.5],
			"to": [8.5, 4, 13],
			"rotation": {"angle": 0, "axis": "y", "origin": [7, 2, 9.5]},
			"faces": {
				"east": {"uv": [9, 7, 11, 9], "texture": "#0"},
				"south": {"uv": [6, 8, 7, 10], "texture": "#0"},
				"west": {"uv": [9, 9, 11, 11], "texture": "#0"},
				"up": {"uv": [9, 12, 8, 10], "texture": "#0"},
				"down": {"uv": [12, 6, 11, 8], "texture": "#0"}
			}
		},
		{
			"from": [7.5, 2.25, 2.25],
			"to": [8.5, 2.75, 9],
			"rotation": {"angle": 0, "axis": "y", "origin": [7, 1, 7]},
			"faces": {
				"north": {"uv": [1, 13, 2, 14], "texture": "#0"},
				"east": {"uv": [2, 2, 9, 3], "texture": "#0"},
				"west": {"uv": [2, 3, 9, 4], "texture": "#0"},
				"up": {"uv": [3, 11, 2, 4], "texture": "#0"},
				"down": {"uv": [4, 4, 3, 11], "texture": "#0"}
			}
		},
		{
			"from": [7.25, 2, 2.75],
			"to": [8.75, 3, 5.5],
			"rotation": {"angle": 0, "axis": "x", "origin": [7, 2, 5.5]},
			"faces": {
				"north": {"uv": [7, 12, 9, 13], "texture": "#0"},
				"east": {"uv": [11, 4, 14, 5], "texture": "#0"},
				"south": {"uv": [12, 8, 14, 9], "texture": "#0"},
				"west": {"uv": [11, 5, 14, 6], "texture": "#0"},
				"up": {"uv": [6, 11, 4, 8], "texture": "#0"},
				"down": {"uv": [11, 0, 9, 3], "texture": "#0"}
			}
		},
		{
			"from": [7.75, -0.25, 12.75],
			"to": [8.25, 0.25, 14],
			"rotation": {"angle": 0, "axis": "y", "origin": [7, -0.5, 12]},
			"faces": {
				"north": {"uv": [13, 10, 14, 11], "texture": "#0"},
				"east": {"uv": [13, 10, 14, 11], "texture": "#0"},
				"south": {"uv": [13, 11, 14, 12], "texture": "#0"},
				"west": {"uv": [13, 10, 14, 11], "texture": "#0"},
				"up": {"uv": [14, 11, 13, 10], "texture": "#0"},
				"down": {"uv": [14, 10, 13, 11], "texture": "#0"}
			}
		}
	],
	"groups": [
		{
			"name": "body",
			"origin": [7, 0.25, 16],
			"color": 0,
			"children": [
				{
					"name": "rest",
					"origin": [7, 0.25, 16],
					"color": 0,
					"children": [0, 1, 2, 3]
				},
				4,
				5,
				6,
				7
			]
		},
		{
			"name": "forearm",
			"origin": [7, 2, 5.5],
			"color": 0,
			"children": [8]
		},
		{
			"name": "bullet",
			"origin": [7, 0, 10],
			"color": 0,
			"children": [9]
		}
	]
}